{"cameraMode":{"drawMode":0,"name":"Shaded","section":"Shading Mode"},"sceneLighting":true,"audioPlay":false,"sceneViewState":{"showFog":true,"showMaterialUpdate":false,"showSkybox":true,"showFlares":true,"showImageEffects":true,"showParticleSystems":true},"in2DMode":false,"pivot":{"x":-1.16623055934906,"y":1.2547976970672608,"z":-1.4364612102508546},"rotation":{"x":0.13039223849773408,"y":-0.24563682079315186,"z":0.03335779532790184,"w":0.959986686706543},"size":4.754694938659668,"orthographic":false}